index,variable,group,daily_score,n_tracks,n_utracks,daily_dur,artist_score,value
0,Talking Heads,1,0.0,0.0,0.0,0.0,0.0,0
1,New Order,1,69.25,8.0,8.0,40.12,576.21,7
2,The Human League,1,0.0,0.0,0.0,0.0,0.0,0
3,Franco Battiato,1,0.0,0.0,0.0,0.0,0.0,0
4,Ultravox,1,0.0,0.0,0.0,0.0,0.0,0
5,Depeche Mode,1,0.0,0.0,0.0,0.0,0.0,0
6,King Crimson,1,0.0,0.0,0.0,0.0,0.0,0
7,The Beatles,1,0.0,0.0,0.0,0.0,0.0,0
8,Frank Zappa,1,0.0,0.0,0.0,0.0,0.0,0
9,Premiata Forneria Marconi,1,0.0,0.0,0.0,0.0,0.0,0
10,Talking Heads,2,10.39,1.0,1.0,5.72,637.02,2
11,New Order,2,10.35,1.0,1.0,5.63,576.21,2
12,The Human League,2,9.31,1.0,1.0,3.3,554.77,1
13,Franco Battiato,2,0.0,0.0,0.0,0.0,0.0,0
14,Ultravox,2,9.71,1.0,1.0,4.15,391.41,1
15,Depeche Mode,2,0.0,0.0,0.0,0.0,0.0,0
16,King Crimson,2,0.0,0.0,0.0,0.0,0.0,0
17,The Beatles,2,0.0,0.0,0.0,0.0,0.0,0
18,Frank Zappa,2,0.0,0.0,0.0,0.0,0.0,0
19,Premiata Forneria Marconi,2,0.0,0.0,0.0,0.0,0.0,0
20,Talking Heads,3,0.0,0.0,0.0,0.0,0.0,0
21,New Order,3,112.21,13.0,13.0,78.55,576.21,8
22,The Human League,3,0.0,0.0,0.0,0.0,0.0,0
23,Franco Battiato,3,0.0,0.0,0.0,0.0,0.0,0
24,Ultravox,3,0.0,0.0,0.0,0.0,0.0,0
25,Depeche Mode,3,0.0,0.0,0.0,0.0,0.0,0
26,King Crimson,3,0.0,0.0,0.0,0.0,0.0,0
27,The Beatles,3,0.0,0.0,0.0,0.0,0.0,0
28,Frank Zappa,3,0.0,0.0,0.0,0.0,0.0,0
29,Premiata Forneria Marconi,3,0.0,0.0,0.0,0.0,0.0,0
30,Talking Heads,4,0.0,0.0,0.0,0.0,0.0,0
31,New Order,4,10.01,1.0,1.0,4.82,576.21,2
32,The Human League,4,0.0,0.0,0.0,0.0,0.0,0
33,Franco Battiato,4,83.82,10.0,10.0,42.58,435.24,8
34,Ultravox,4,19.72,2.0,2.0,12.09,391.41,2
35,Depeche Mode,4,10.05,1.0,1.0,4.92,246.26,2
36,King Crimson,4,0.0,0.0,0.0,0.0,0.0,0
37,The Beatles,4,0.0,0.0,0.0,0.0,0.0,0
38,Frank Zappa,4,0.0,0.0,0.0,0.0,0.0,0
39,Premiata Forneria Marconi,4,0.0,0.0,0.0,0.0,0.0,0
40,Talking Heads,5,0.0,0.0,0.0,0.0,0.0,0
41,New Order,5,0.0,0.0,0.0,0.0,0.0,0
42,The Human League,5,10.08,1.0,1.0,4.98,554.77,2
43,Franco Battiato,5,0.0,0.0,0.0,0.0,0.0,0
44,Ultravox,5,112.64,14.0,13.0,65.28,391.41,8
45,Depeche Mode,5,0.0,0.0,0.0,0.0,0.0,0
46,King Crimson,5,10.33,1.0,1.0,5.57,240.46,2
47,The Beatles,5,103.35,13.0,13.0,36.28,238.87,8
48,Frank Zappa,5,27.89,3.0,3.0,15.75,234.56,3
49,Premiata Forneria Marconi,5,0.0,0.0,0.0,0.0,0.0,0
50,Talking Heads,6,100.86,12.0,12.0,56.56,637.02,8
51,New Order,6,19.66,2.0,2.0,11.9,576.21,2
52,The Human League,6,35.84,4.0,4.0,18.96,554.77,4
53,Franco Battiato,6,0.0,0.0,0.0,0.0,0.0,0
54,Ultravox,6,18.62,2.0,2.0,8.91,391.41,2
55,Depeche Mode,6,0.0,0.0,0.0,0.0,0.0,0
56,King Crimson,6,0.0,0.0,0.0,0.0,0.0,0
57,The Beatles,6,0.0,0.0,0.0,0.0,0.0,0
58,Frank Zappa,6,9.01,1.0,1.0,2.72,234.56,1
59,Premiata Forneria Marconi,6,0.0,0.0,0.0,0.0,0.0,0
60,Talking Heads,7,27.73,3.0,3.0,15.23,637.02,3
61,New Order,7,45.44,5.0,5.0,28.509999999999998,576.21,5
62,The Human League,7,36.88,4.0,4.0,22.630000000000003,554.77,4
63,Franco Battiato,7,66.69,8.0,8.0,29.5,435.24,7
64,Ultravox,7,69.37,8.0,8.0,40.62,391.41,7
65,Depeche Mode,7,0.0,0.0,0.0,0.0,0.0,0
66,King Crimson,7,0.0,0.0,0.0,0.0,0.0,0
67,The Beatles,7,0.0,0.0,0.0,0.0,0.0,0
68,Frank Zappa,7,0.0,0.0,0.0,0.0,0.0,0
69,Premiata Forneria Marconi,7,0.0,0.0,0.0,0.0,0.0,0
70,Talking Heads,8,54.64,6.0,6.0,37.49,637.02,6
71,New Order,8,11.09,1.0,1.0,7.49,576.21,2
72,The Human League,8,161.46,20.0,19.0,101.97,554.77,8
73,Franco Battiato,8,0.0,0.0,0.0,0.0,0.0,0
74,Ultravox,8,0.0,0.0,0.0,0.0,0.0,0
75,Depeche Mode,8,0.0,0.0,0.0,0.0,0.0,0
76,King Crimson,8,0.0,0.0,0.0,0.0,0.0,0
77,The Beatles,8,0.0,0.0,0.0,0.0,0.0,0
78,Frank Zappa,8,0.0,0.0,0.0,0.0,0.0,0
79,Premiata Forneria Marconi,8,0.0,0.0,0.0,0.0,0.0,0
80,Talking Heads,9,28.97,3.0,3.0,19.4,637.02,3
81,New Order,9,10.21,1.0,1.0,5.3,576.21,2
82,The Human League,9,11.12,1.0,1.0,7.55,554.77,2
83,Franco Battiato,9,98.86,12.0,12.0,47.24,435.24,8
84,Ultravox,9,9.57,1.0,1.0,3.85,391.41,1
85,Depeche Mode,9,0.0,0.0,0.0,0.0,0.0,0
86,King Crimson,9,0.0,0.0,0.0,0.0,0.0,0
87,The Beatles,9,35.99,4.0,4.0,19.47,238.87,4
88,Frank Zappa,9,95.92,11.0,11.0,66.7,234.56,8
89,Premiata Forneria Marconi,9,28.02,3.0,3.0,16.17,214.01,3
90,Talking Heads,10,0.0,0.0,0.0,0.0,0.0,0
91,New Order,10,0.0,0.0,0.0,0.0,0.0,0
92,The Human League,10,0.0,0.0,0.0,0.0,0.0,0
93,Franco Battiato,10,106.21,13.0,13.0,48.86,435.24,8
94,Ultravox,10,0.0,0.0,0.0,0.0,0.0,0
95,Depeche Mode,10,0.0,0.0,0.0,0.0,0.0,0
96,King Crimson,10,10.81,1.0,1.0,6.75,240.46,2
97,The Beatles,10,96.3,12.0,12.0,36.04,238.87,8
98,Frank Zappa,10,0.0,0.0,0.0,0.0,0.0,0
99,Premiata Forneria Marconi,10,0.0,0.0,0.0,0.0,0.0,0
100,Talking Heads,11,85.85,10.0,10.0,51.82,637.02,8
101,New Order,11,28.17,3.0,3.0,16.67,576.21,3
102,The Human League,11,19.54,2.0,2.0,11.55,554.77,2
103,Franco Battiato,11,0.0,0.0,0.0,0.0,0.0,0
104,Ultravox,11,0.0,0.0,0.0,0.0,0.0,0
105,Depeche Mode,11,0.0,0.0,0.0,0.0,0.0,0
106,King Crimson,11,9.95,1.0,1.0,4.69,240.46,1
107,The Beatles,11,0.0,0.0,0.0,0.0,0.0,0
108,Frank Zappa,11,0.0,0.0,0.0,0.0,0.0,0
109,Premiata Forneria Marconi,11,79.17,9.0,9.0,53.29,214.01,8
110,Talking Heads,12,9.96,1.0,1.0,4.72,637.02,1
111,New Order,12,28.02,3.0,3.0,16.18,576.21,3
112,The Human League,12,0.0,0.0,0.0,0.0,0.0,0
113,Franco Battiato,12,99.49,12.0,12.0,50.13,435.24,8
114,Ultravox,12,0.0,0.0,0.0,0.0,0.0,0
115,Depeche Mode,12,0.0,0.0,0.0,0.0,0.0,0
116,King Crimson,12,0.0,0.0,0.0,0.0,0.0,0
117,The Beatles,12,0.0,0.0,0.0,0.0,0.0,0
118,Frank Zappa,12,0.0,0.0,0.0,0.0,0.0,0
119,Premiata Forneria Marconi,12,62.13,7.0,7.0,39.58,214.01,7
120,Talking Heads,13,108.83,13.0,13.0,61.29,637.02,8
121,New Order,13,85.86,10.0,10.0,51.84,576.21,8
122,The Human League,13,0.0,0.0,0.0,0.0,0.0,0
123,Franco Battiato,13,0.0,0.0,0.0,0.0,0.0,0
124,Ultravox,13,101.07,12.0,12.0,57.57,391.41,8
125,Depeche Mode,13,0.0,0.0,0.0,0.0,0.0,0
126,King Crimson,13,0.0,0.0,0.0,0.0,0.0,0
127,The Beatles,13,0.0,0.0,0.0,0.0,0.0,0
128,Frank Zappa,13,0.0,0.0,0.0,0.0,0.0,0
129,Premiata Forneria Marconi,13,0.0,0.0,0.0,0.0,0.0,0
130,Talking Heads,14,170.43,21.0,21.0,90.53999999999999,637.02,8
131,New Order,14,19.42,2.0,2.0,11.190000000000001,576.21,2
132,The Human League,14,0.0,0.0,0.0,0.0,0.0,0
133,Franco Battiato,14,9.59,1.0,1.0,3.89,435.24,1
134,Ultravox,14,0.0,0.0,0.0,0.0,0.0,0
135,Depeche Mode,14,0.0,0.0,0.0,0.0,0.0,0
136,King Crimson,14,92.58,11.0,11.0,50.56,240.46,8
137,The Beatles,14,0.0,0.0,0.0,0.0,0.0,0
138,Frank Zappa,14,0.0,0.0,0.0,0.0,0.0,0
139,Premiata Forneria Marconi,14,0.0,0.0,0.0,0.0,0.0,0
140,Talking Heads,15,83.21,10.0,10.0,39.92,637.02,8
141,New Order,15,10.17,1.0,1.0,5.2,576.21,2
142,The Human League,15,0.0,0.0,0.0,0.0,0.0,0
143,Franco Battiato,15,9.63,1.0,1.0,3.99,435.24,1
144,Ultravox,15,9.57,1.0,1.0,3.85,391.41,1
145,Depeche Mode,15,0.0,0.0,0.0,0.0,0.0,0
146,King Crimson,15,0.0,0.0,0.0,0.0,0.0,0
147,The Beatles,15,0.0,0.0,0.0,0.0,0.0,0
148,Frank Zappa,15,90.67,11.0,11.0,41.93,234.56,8
149,Premiata Forneria Marconi,15,26.64,3.0,3.0,11.85,214.01,3
150,Talking Heads,16,66.82,8.0,8.0,30.02,637.02,7
151,New Order,16,37.33,4.0,4.0,24.28,576.21,4
152,The Human League,16,11.12,1.0,1.0,7.55,554.77,2
153,Franco Battiato,16,0.0,0.0,0.0,0.0,0.0,0
154,Ultravox,16,0.0,0.0,0.0,0.0,0.0,0
155,Depeche Mode,16,0.0,0.0,0.0,0.0,0.0,0
156,King Crimson,16,0.0,0.0,0.0,0.0,0.0,0
157,The Beatles,16,0.0,0.0,0.0,0.0,0.0,0
158,Frank Zappa,16,0.0,0.0,0.0,0.0,0.0,0
159,Premiata Forneria Marconi,16,0.0,0.0,0.0,0.0,0.0,0
160,Talking Heads,17,0.0,0.0,0.0,0.0,0.0,0
161,New Order,17,0.0,0.0,0.0,0.0,0.0,0
162,The Human League,17,0.0,0.0,0.0,0.0,0.0,0
163,Franco Battiato,17,0.0,0.0,0.0,0.0,0.0,0
164,Ultravox,17,0.0,0.0,0.0,0.0,0.0,0
165,Depeche Mode,17,0.0,0.0,0.0,0.0,0.0,0
166,King Crimson,17,0.0,0.0,0.0,0.0,0.0,0
167,The Beatles,17,0.0,0.0,0.0,0.0,0.0,0
168,Frank Zappa,17,0.0,0.0,0.0,0.0,0.0,0
169,Premiata Forneria Marconi,17,0.0,0.0,0.0,0.0,0.0,0
170,Talking Heads,18,0.0,0.0,0.0,0.0,0.0,0
171,New Order,18,83.39,10.0,10.0,40.71,576.21,8
172,The Human League,18,34.48,4.0,4.0,14.44,554.77,4
173,Franco Battiato,18,0.0,0.0,0.0,0.0,0.0,0
174,Ultravox,18,0.0,0.0,0.0,0.0,0.0,0
175,Depeche Mode,18,0.0,0.0,0.0,0.0,0.0,0
176,King Crimson,18,0.0,0.0,0.0,0.0,0.0,0
177,The Beatles,18,0.0,0.0,0.0,0.0,0.0,0
178,Frank Zappa,18,0.0,0.0,0.0,0.0,0.0,0
179,Premiata Forneria Marconi,18,0.0,0.0,0.0,0.0,0.0,0
180,Talking Heads,19,0.0,0.0,0.0,0.0,0.0,0
181,New Order,19,0.0,0.0,0.0,0.0,0.0,0
182,The Human League,19,0.0,0.0,0.0,0.0,0.0,0
183,Franco Battiato,19,51.19,6.0,6.0,23.79,435.24,6
184,Ultravox,19,0.0,0.0,0.0,0.0,0.0,0
185,Depeche Mode,19,0.0,0.0,0.0,0.0,0.0,0
186,King Crimson,19,0.0,0.0,0.0,0.0,0.0,0
187,The Beatles,19,0.0,0.0,0.0,0.0,0.0,0
188,Frank Zappa,19,0.0,0.0,0.0,0.0,0.0,0
189,Premiata Forneria Marconi,19,0.0,0.0,0.0,0.0,0.0,0
190,Talking Heads,20,0.0,0.0,0.0,0.0,0.0,0
191,New Order,20,18.82,2.0,2.0,9.45,576.21,2
192,The Human League,20,26.65,3.0,3.0,11.879999999999999,554.77,3
193,Franco Battiato,20,0.0,0.0,0.0,0.0,0.0,0
194,Ultravox,20,17.64,2.0,2.0,6.33,391.41,2
195,Depeche Mode,20,0.0,0.0,0.0,0.0,0.0,0
196,King Crimson,20,101.15,12.0,12.0,57.96,240.46,8
197,The Beatles,20,0.0,0.0,0.0,0.0,0.0,0
198,Frank Zappa,20,20.25,2.0,2.0,13.72,234.56,3
199,Premiata Forneria Marconi,20,0.0,0.0,0.0,0.0,0.0,0
200,Talking Heads,21,9.96,1.0,1.0,4.72,637.02,1
201,New Order,21,52.17,6.0,6.0,27.5,576.21,6
202,The Human League,21,84.36,10.0,10.0,44.98,554.77,8
203,Franco Battiato,21,49.16,6.0,6.0,16.64,435.24,5
204,Ultravox,21,27.02,3.0,3.0,12.98,391.41,3
205,Depeche Mode,21,77.61,9.0,9.0,46.1,246.26,8
206,King Crimson,21,17.62,2.0,2.0,6.279999999999999,240.46,2
207,The Beatles,21,0.0,0.0,0.0,0.0,0.0,0
208,Frank Zappa,21,0.0,0.0,0.0,0.0,0.0,0
209,Premiata Forneria Marconi,21,18.37,2.0,2.0,8.21,214.01,2
210,Talking Heads,22,0.0,0.0,0.0,0.0,0.0,0
211,New Order,22,0.0,0.0,0.0,0.0,0.0,0
212,The Human League,22,46.61,5.0,5.0,33.21,554.77,5
213,Franco Battiato,22,0.0,0.0,0.0,0.0,0.0,0
214,Ultravox,22,0.0,0.0,0.0,0.0,0.0,0
215,Depeche Mode,22,0.0,0.0,0.0,0.0,0.0,0
216,King Crimson,22,0.0,0.0,0.0,0.0,0.0,0
217,The Beatles,22,0.0,0.0,0.0,0.0,0.0,0
218,Frank Zappa,22,0.0,0.0,0.0,0.0,0.0,0
219,Premiata Forneria Marconi,22,0.0,0.0,0.0,0.0,0.0,0
220,Talking Heads,23,9.36,1.0,1.0,3.41,637.02,1
221,New Order,23,0.0,0.0,0.0,0.0,0.0,0
222,The Human League,23,0.0,0.0,0.0,0.0,0.0,0
223,Franco Battiato,23,17.67,2.0,2.0,6.41,435.24,2
224,Ultravox,23,0.0,0.0,0.0,0.0,0.0,0
225,Depeche Mode,23,0.0,0.0,0.0,0.0,0.0,0
226,King Crimson,23,0.0,0.0,0.0,0.0,0.0,0
227,The Beatles,23,66.96,8.0,8.0,30.59,238.87,7
228,Frank Zappa,23,0.0,0.0,0.0,0.0,0.0,0
229,Premiata Forneria Marconi,23,0.0,0.0,0.0,0.0,0.0,0
230,Talking Heads,24,25.57,3.0,3.0,8.77,637.02,3
231,New Order,24,18.33,2.0,2.0,8.11,576.21,2
232,The Human League,24,9.78,1.0,1.0,4.3,554.77,1
233,Franco Battiato,24,0.0,0.0,0.0,0.0,0.0,0
234,Ultravox,24,28.15,3.0,3.0,16.6,391.41,3
235,Depeche Mode,24,9.28,1.0,1.0,3.24,246.26,1
236,King Crimson,24,10.63,1.0,1.0,6.31,240.46,2
237,The Beatles,24,0.0,0.0,0.0,0.0,0.0,0
238,Frank Zappa,24,0.0,0.0,0.0,0.0,0.0,0
239,Premiata Forneria Marconi,24,0.0,0.0,0.0,0.0,0.0,0
240,Talking Heads,25,18.42,2.0,2.0,8.36,637.02,2
241,New Order,25,27.52,3.0,3.0,14.57,576.21,3
242,The Human League,25,21.25,2.0,2.0,16.939999999999998,554.77,3
243,Franco Battiato,25,0.0,0.0,0.0,0.0,0.0,0
244,Ultravox,25,9.59,1.0,1.0,3.89,391.41,1
245,Depeche Mode,25,99.4,12.0,12.0,49.72,246.26,8
246,King Crimson,25,10.26,1.0,1.0,5.4,240.46,2
247,The Beatles,25,0.0,0.0,0.0,0.0,0.0,0
248,Frank Zappa,25,0.0,0.0,0.0,0.0,0.0,0
249,Premiata Forneria Marconi,25,0.0,0.0,0.0,0.0,0.0,0
250,Talking Heads,26,0.0,0.0,0.0,0.0,0.0,0
251,New Order,26,0.0,0.0,0.0,0.0,0.0,0
252,The Human League,26,95.02,11.0,11.0,62.23,554.77,8
253,Franco Battiato,26,0.0,0.0,0.0,0.0,0.0,0
254,Ultravox,26,0.0,0.0,0.0,0.0,0.0,0
255,Depeche Mode,26,43.47,5.0,5.0,21.15,246.26,5
256,King Crimson,26,0.0,0.0,0.0,0.0,0.0,0
257,The Beatles,26,0.0,0.0,0.0,0.0,0.0,0
258,Frank Zappa,26,0.0,0.0,0.0,0.0,0.0,0
259,Premiata Forneria Marconi,26,0.0,0.0,0.0,0.0,0.0,0
260,Talking Heads,27,9.98,1.0,1.0,4.76,637.02,1
261,New Order,27,0.0,0.0,0.0,0.0,0.0,0
262,The Human League,27,54.3,6.0,6.0,36.06,554.77,6
263,Franco Battiato,27,0.0,0.0,0.0,0.0,0.0,0
264,Ultravox,27,0.0,0.0,0.0,0.0,0.0,0
265,Depeche Mode,27,0.0,0.0,0.0,0.0,0.0,0
266,King Crimson,27,0.0,0.0,0.0,0.0,0.0,0
267,The Beatles,27,0.0,0.0,0.0,0.0,0.0,0
268,Frank Zappa,27,0.0,0.0,0.0,0.0,0.0,0
269,Premiata Forneria Marconi,27,0.0,0.0,0.0,0.0,0.0,0
270,Talking Heads,28,17.7,2.0,2.0,6.470000000000001,637.02,2
271,New Order,28,10.8,1.0,1.0,6.74,576.21,2
272,The Human League,28,22.09,2.0,2.0,19.81,554.77,3
273,Franco Battiato,28,0.0,0.0,0.0,0.0,0.0,0
274,Ultravox,28,36.29,4.0,4.0,20.520000000000003,391.41,4
275,Depeche Mode,28,11.28,1.0,1.0,7.97,246.26,2
276,King Crimson,28,0.0,0.0,0.0,0.0,0.0,0
277,The Beatles,28,0.0,0.0,0.0,0.0,0.0,0
278,Frank Zappa,28,0.0,0.0,0.0,0.0,0.0,0
279,Premiata Forneria Marconi,28,0.0,0.0,0.0,0.0,0.0,0
280,Talking Heads,29,0.0,0.0,0.0,0.0,0.0,0
281,New Order,29,0.0,0.0,0.0,0.0,0.0,0
282,The Human League,29,0.0,0.0,0.0,0.0,0.0,0
283,Franco Battiato,29,0.0,0.0,0.0,0.0,0.0,0
284,Ultravox,29,0.0,0.0,0.0,0.0,0.0,0
285,Depeche Mode,29,0.0,0.0,0.0,0.0,0.0,0
286,King Crimson,29,0.0,0.0,0.0,0.0,0.0,0
287,The Beatles,29,0.0,0.0,0.0,0.0,0.0,0
288,Frank Zappa,29,0.0,0.0,0.0,0.0,0.0,0
289,Premiata Forneria Marconi,29,0.0,0.0,0.0,0.0,0.0,0
290,Talking Heads,30,10.52,1.0,1.0,6.03,637.02,2
291,New Order,30,27.55,3.0,3.0,14.67,576.21,3
292,The Human League,30,10.7,1.0,1.0,6.47,554.77,2
293,Franco Battiato,30,0.0,0.0,0.0,0.0,0.0,0
294,Ultravox,30,35.9,4.0,4.0,19.17,391.41,4
295,Depeche Mode,30,19.28,2.0,2.0,10.76,246.26,2
296,King Crimson,30,0.0,0.0,0.0,0.0,0.0,0
297,The Beatles,30,0.0,0.0,0.0,0.0,0.0,0
298,Frank Zappa,30,0.0,0.0,0.0,0.0,0.0,0
299,Premiata Forneria Marconi,30,0.0,0.0,0.0,0.0,0.0,0
300,Talking Heads,31,0.0,0.0,0.0,0.0,0.0,0
301,New Order,31,0.0,0.0,0.0,0.0,0.0,0
302,The Human League,31,0.0,0.0,0.0,0.0,0.0,0
303,Franco Battiato,31,0.0,0.0,0.0,0.0,0.0,0
304,Ultravox,31,0.0,0.0,0.0,0.0,0.0,0
305,Depeche Mode,31,0.0,0.0,0.0,0.0,0.0,0
306,King Crimson,31,0.0,0.0,0.0,0.0,0.0,0
307,The Beatles,31,0.0,0.0,0.0,0.0,0.0,0
308,Frank Zappa,31,0.0,0.0,0.0,0.0,0.0,0
309,Premiata Forneria Marconi,31,0.0,0.0,0.0,0.0,0.0,0
