artist_score,vormittags,nachmittags,abends,nachts,group,gesamt 
578.09,118.93,93.23,133.68,96.07,Grateful Dead,441.91
548.9,141.12,218.0,0.0,4.42,Franco Battiato,363.54
528.61,85.11,98.51,53.45,164.39,The Human League,401.46
475.88,76.89,113.52,57.38,70.26,The Doors,318.05
285.28,83.92,120.19,2.94,10.33,Van Der Graaf Generator,217.38
272.41,48.67,103.52,51.99,0.0,John Coltrane,
270.15,80.12,6.48,80.54,5.26,New Order,
261.88,51.46,93.47,23.66,0.0,King Crimson,
257.78,37.6,13.31,95.23,0.0,John Lennon,
254.39,16.71,88.91,47.66,2.64,Frank Zappa,
